2.255,0.165,0.212,-242.554,511.597,21.606,-0.077,-38.386,68.379,5.394,3.118
1.876,0.095,3.203,133.057,-429.382,7.507,2.703,-47.021,68.258,5.394,3.118
1.756,-0.221,-0.292,424.988,-462.341,37.415,11.7,-56.272,67.643,5.394,3.118
2.59,-0.358,0.72,-75.5,485.962,-34.973,11.86,-51.465,69.576,5.394,3.118
1.947,0.225,4.944,-131.042,-840.698,-47.485,10.069,-48.609,69.609,5.394,3.118
1.631,0.036,0.802,-120.361,-579.346,-21.79,13.217,-63.6,62.814,5.467,3.177
1.528,0.065,0.752,-123.413,68.848,-13.184,16.688,-71.367,56.525,5.445,3.408
1.418,0.021,0.535,-17.883,100.891,-15.381,14.008,-69.642,57.387,5.445,3.408
0.956,-0.083,0.404,11.536,78.735,-20.447,13.211,-67.582,58.085,5.272,4.018
0.582,-0.06,0.228,12.573,117.92,-19.958,13.189,-65.676,58.436,4.11,4.405
0.213,0.055,0.114,40.1,197.388,-12.146,12.81,-62.858,59.365,4.11,4.405
-0.081,0.002,0.138,60.059,245.056,-14.282,12.354,-58.711,60.985,3.269,4.424
-0.211,-0.034,0.1,72.693,260.62,-27.283,12.393,-53.806,62.518,4.115,3.801
-0.442,-0.108,0.269,35.95,172.241,-20.508,12.832,-49.103,63.633,4.115,3.801
-0.583,-0.099,0.266,-21.118,23.315,-15.137,12.816,-46.412,64.281,4.115,3.801
-0.568,-0.051,0.215,-50.476,50.659,-12.756,12.123,-45.676,64.506,4.186,3.386
-0.434,0.061,0.124,-68.298,102.722,-7.874,10.569,-44.176,65.325,4.186,3.386
-0.219,0.065,0.067,-125.977,156.311,14.16,8.608,-41.781,65.748,4.186,3.386
-0.07,-0.079,0.233,-133.972,88.257,9.155,6.158,-38.782,64.946,4.169,3.876
1.416,0.058,-0.02,-120.789,98.45,-30.151,3.889,-36.683,63.885,4.169,3.876
3.929,0.815,3.467,17.883,-226.807,-27.527,2.532,-36.343,63.358,2.992,3.944
0.437,0.455,0.183,71.228,-1212.158,-12.817,4.114,-45.846,62.012,2.96,4.066
1.045,0.287,-1.388,-122.07,-145.874,-22.278,8.262,-64.479,57.673,2.96,4.066
1.509,0.528,-0.844,-206.665,750,40.405,5.718,-62.908,57.42,2.95,4.122
2.394,0.669,2.549,125.977,518.188,83.618,1.06,-49.422,60.249,3.04,4.198
1.768,-0.436,4.541,402.954,-999.756,66.772,3.625,-46.939,62.287,3.04,4.198
1.038,-0.134,1.692,25.269,-337.585,37.048,11.442,-63.49,60.293,3.248,4.276
1.56,0.383,0.33,-83.496,134.644,14.404,11.97,-67.637,59.573,3.762,4.307
1.258,0.288,0.512,-13.977,-6.897,10.315,9.19,-65.517,61.095,3.762,4.307
0.969,0.209,0.42,39.795,-18.066,11.108,8.839,-65.561,61.425,4.139,4.212
0.557,0.159,0.173,25.94,15.808,9.033,9.24,-65.627,61.738,4.471,3.101
0.226,0.109,0.129,0.854,89.905,10.498,9.08,-64.847,62.309,4.471,3.101
-0.044,0.095,0.158,10.62,140.503,7.935,8.234,-62.737,63.287,3.937,3.681
-0.287,-0.006,0.206,29.602,138.977,7.568,7.685,-59.886,64.221,3.937,3.681
-0.386,-0.075,0.216,25.696,175.293,4.456,7.526,-56.86,65.017,3.937,3.681
-0.404,-0.085,0.216,7.385,196.594,4.578,7.256,-53.141,65.77,3.937,3.681
-0.399,-0.043,0.227,6.348,147.827,12.451,6.762,-49.285,66.429,3.937,3.681
-0.387,0.033,0.219,-2.136,69.702,9.827,6.416,-46.456,66.687,3.937,3.681
-0.365,0.065,0.243,-2.747,-9.033,9.583,6.476,-45.148,65.989,5.08,3.642
-0.232,0.079,0.138,-2.197,-140.503,20.935,6.976,-45.687,64.677,5.112,3.611
0.949,0.047,-0.483,-41.26,-21.545,40.039,7.333,-47.62,63.391,5.112,3.611
4.155,-0.126,2.195,-345.52,619.995,0.671,4.329,-44.758,64.166,5.112,3.611
1.173,0.003,1.714,59.814,-1084.534,-53.528,-0.588,-41.094,64.396,5.233,2.923
1.372,-0.128,-0.922,258.301,-304.565,-21.545,2.933,-58.859,62.82,5.233,2.923
1.722,0.101,-1.441,221.619,582.703,-10.132,8.531,-60.529,62.221,5.38,2.422
2.7,-0.189,2.119,122.62,579.712,34.607,9.789,-49.384,65.627,5.453,2.697
1.773,0.047,3.301,64.575,-1025.818,-3.906,10.816,-46.285,67.269,5.453,2.697
1.213,0.152,0.479,-305.359,-396.057,0.854,16.276,-63.149,60.04,5.453,2.697
1.564,0.231,0.829,-147.156,106.384,-18.127,14.161,-68.242,56.635,5.197,3.374
1.234,-0.024,0.434,1.343,59.814,-21.729,11.678,-66.226,57.052,5.197,3.374
0.867,-0.102,0.291,0.61,70.984,-10.742,11.821,-64.869,57.036,3.976,3.637
0.457,-0.044,0.183,-10.742,122.437,-12.268,11.393,-63.166,57.574,4.035,3.184
0.096,-0.001,0.162,24.597,178.894,-14.587,10.734,-60.452,58.392,4.035,3.184
-0.108,-0.023,0.113,54.993,218.628,-24.353,10.679,-56.728,59.321,4.035,3.184
-0.326,-0.101,0.156,54.138,221.68,-33.691,11.234,-52.399,60.09,4.383,2.765
-0.49,-0.141,0.333,34.973,114.502,-30.945,11.915,-48.532,60.584,4.383,2.765
-0.575,-0.125,0.333,4.944,69.336,-35.278,12.442,-46.395,60.699,4.373,2.86
-0.556,0.014,0.309,-24.536,101.135,-9.094,12.261,-44.665,61.013,4.373,2.86
-0.444,-0.091,0.302,13.55,-25.818,2.991,11.234,-43.27,62.606,4.373,2.86
-0.287,-0.028,0.077,26.855,-141.174,3.784,10.964,-44.599,64.166,3.467,3.93
0.67,0.098,-0.49,-5.798,-15.32,40.894,11.536,-46.796,63.913,3.228,3.952
3.74,-0.024,1.454,-199.463,533.569,33.752,8.679,-44.555,66.753,3.228,3.952
0.872,0.512,2.295,-224.731,-1198.486,-102.051,4.109,-42.825,67.56,2.88,3.993
1.344,0.636,-2.375,-255.92,-464.783,-9.521,3.483,-62.864,62.606,2.865,4.078
0.917,1.125,-1.199,-3.967,729.004,50.842,0.176,-66.242,62.15,2.865,4.078
2.559,1,1.596,217.529,828.125,85.754,-0.082,-51.542,63.875,3.287,4.244
1.945,0.348,1.727,373.047,-213.501,126.831,3.4,-40.666,66.467,3.287,4.244
1.869,-0.059,4.316,69.397,-1161.255,45.715,8.789,-50.087,67.473,3.287,4.244
0.904,0.066,1.189,-165.771,-138.794,31.799,13.92,-67.852,61.721,3.52,4.237
1.608,0.349,0.468,-65.247,114.38,0.671,10.909,-69.175,61.837,4.142,4.098
1.228,0.371,0.432,2.625,13.916,-1.221,9.322,-67.22,62.424,4.142,4.098
0.863,0.168,0.29,49.316,27.039,-0.305,9.712,-66.72,62.238,4.539,2.999
0.398,0.103,0.139,40.894,69.092,1.709,10.525,-65.852,62.309,4.512,3.586
0.018,0.096,0.087,19.775,126.343,4.028,10.651,-64.122,62.897,4.512,3.586
-0.302,0.004,0.239,28.748,194.885,2.991,10.118,-61.232,63.929,4.512,3.586
-0.431,-0.076,0.212,-1.16,227.356,-5.554,9.503,-57.162,65.056,4.42,3.93
-0.508,-0.082,0.245,-27.832,208.557,-4.333,8.63,-52.646,65.836,4.42,3.93
-0.447,-0.091,0.246,32.288,151.55,-1.099,7.91,-48.625,66.264,4.42,3.93
-0.455,0.018,0.24,67.81,46.936,7.812,8.487,-45.879,66.286,4.978,3.469
-0.321,0.068,0.137,19.531,-72.815,21.362,9.728,-45.253,65.544,4.978,3.469
-0.221,0.122,0.05,-61.89,-145.142,26.978,10.25,-46.791,64.221,5.221,3.204
0.167,0.107,-0.128,-148.254,-130.554,61.462,9.234,-49.367,62.88,5.265,2.534
1.98,-0.003,-0.869,-271.851,307.861,43.64,5.229,-49.642,63.1,5.265,2.534
2.29,0.469,4.43,-192.505,-107.605,-80.444,-0.093,-45.906,63.704,5.311,2.197
1.817,-0.21,-0.712,285.034,-741.516,-1.038,-0.22,-51.218,61.968,5.455,1.988
1.641,0.046,-1.375,268.372,256.775,-1.526,5.96,-61.024,61.381,5.455,1.988
2.462,-0.136,0.462,-17.822,723.511,-6.531,8.388,-53.849,63.281,5.614,2.066
1.102,-0.16,6.324,94.055,-604.248,-2.991,7.509,-46.428,64.803,5.572,2.185
1.406,0.068,0.855,-115.601,-821.777,-14.709,11.327,-59.211,61.051,5.572,2.185
1.698,0.017,0.686,-160.889,148.01,-7.202,14.749,-70.054,54.404,5.204,2.621
1.381,0.099,0.468,-45.349,30.334,-24.414,11.008,-67.357,55.519,5.204,2.621
0.883,-0.086,0.364,19.653,20.813,-14.465,10.953,-66.451,54.904,5.204,2.621
0.42,-0.035,0.205,2.014,114.624,-8.057,11.201,-65.303,54.937,4.232,3.652
0,0.015,0.128,2.869,194.641,-9.277,10.333,-62.435,55.937,4.232,3.652
-0.281,0.016,0.179,34.058,210.938,-13.916,9.525,-58.326,57.096,4.232,3.652
-0.424,-0.035,0.236,50.659,170.105,-24.475,9.624,-54.174,57.87,4.629,3.703
-0.473,-0.104,0.268,40.405,152.344,-27.771,10.311,-50.658,58.162,4.483,3.555
-0.499,-0.048,0.318,49.072,159.424,-26.733,10.92,-47.318,58.392,4.483,3.555
-0.432,-0.027,0.243,79.956,15.869,-6.897,11.81,-44.5,58.464,4.395,2.945
-0.291,-0.067,0.109,53.589,-122.62,4.944,13.788,-44.489,56.898,3.947,4.066
-0.249,0.012,0.026,2.502,-233.704,33.508,15.787,-47.104,54.437,3.947,4.066
0.076,-0.042,-0.339,-96.802,-230.042,45.044,16.891,-51.367,51.68,3.947,4.066
2.267,0.107,-1.272,-266.235,325.928,11.475,14.491,-52.949,50.707,2.997,4.137
1.599,0.334,3.158,-65.552,183.594,-38.33,8.86,-47.664,52.679,2.997,4.137
1.975,0.393,-0.472,-52.429,-303.345,-0.793,8.015,-46.467,52.3,2.641,4.115
1.82,1.036,-0.41,-47.852,379.761,0.183,7.526,-49.274,51.795,2.507,4.22
2.192,0.614,1.394,44.922,245.178,12.39,6.383,-42.737,52.993,2.507,4.22
2.024,-0.046,1.865,277.893,-202.393,73.914,7.954,-40.496,54.036,2.967,4.471
1.873,-0.067,2.7,7.019,-1103.943,36.255,12.794,-49.318,53.366,2.967,4.471
1.209,0.005,1.217,-103.882,-68.42,27.649,18.616,-65.698,46.082,2.967,4.471
1.655,0.361,0.513,-42.847,101.868,12.451,16.035,-66.171,47,3.74,4.349
1.317,0.286,0.473,17.883,2.319,8.423,14.068,-64.627,48.593,4.422,3.411
0.991,0.191,0.389,52.063,6.531,9.705,14.194,-64.517,49.07,4.422,3.411
0.524,0.173,0.122,8.606,35.278,8.667,14.222,-64.089,49.735,4.422,3.411
0.109,0.135,0.109,-38.757,71.472,14.221,13.013,-63.056,50.779,4.544,3.469
-0.131,0.094,0.181,8.24,124.329,19.287,11.404,-61.172,52.273,4.544,3.469
-0.368,-0.006,0.319,-3.113,184.082,16.663,9.981,-58.162,53.976,4.427,4.078
-0.439,-0.037,0.324,-52.612,199.219,8.545,8.245,-54.338,55.349,4.527,4.164
-0.463,-0.038,0.341,-31.921,177.979,11.963,6.63,-50.488,56.19,4.527,4.164
-0.358,-0.08,0.243,44.861,135.559,16.418,6.218,-47.175,56.646,4.712,3.991
-0.304,-0.054,0.163,83.252,146.423,10.925,7.119,-44.099,56.75,4.97,3.65
-0.261,-0.046,0.177,123.535,148.193,2.563,9.009,-40.853,56.442,4.97,3.65
-0.171,0.006,0.166,112.366,13.916,42.664,11.201,-38.963,56.096,5.143,3.581
0.383,-0.03,-0.102,-44.678,-154.785,87.158,11.519,-40.21,56.063,5.302,2.543
2.77,-0.397,0.042,-298.95,49.072,50.171,7.092,-41.347,57.382,5.302,2.543
1.751,0.312,2.682,-232.849,-600.586,-131.714,2.862,-47.087,56.091,5.38,2.27
1.733,0.05,-1.081,51.819,-661.194,-9.094,3.582,-59.628,53.058,5.518,2.171
1.476,0.194,-1.492,230.652,605.469,-1.099,6.411,-60.315,53.262,5.518,2.171
2.707,-0.339,0.643,14.465,901.428,6.653,6.443,-45.791,56.508,5.662,2.236
1.958,-0.16,2.581,15.198,-229.736,6.226,6.037,-39.633,57.783,5.662,2.236
1.99,-0.301,3.32,21.24,-1365.051,-41.199,9.097,-55.635,54.355,5.662,2.236
1.048,-0.402,0.745,-98.389,61.951,-4.395,13.986,-68.181,48.087,5.66,2.268
1.612,0.177,0.528,4.761,81.909,-13.977,12.316,-66.643,49.021,5.657,3.092
1.115,-0.121,0.387,-25.696,18.616,-13.062,11.915,-65.544,49.345,5.657,3.092
0.682,-0.103,0.296,17.7,18.982,-13.062,11.942,-65.089,49.351,5.202,3.503
0.254,-0.052,0.16,31.555,98.145,-6.958,12.057,-63.885,49.9,4.522,3.672
-0.056,-0.015,0.174,42.969,143.555,-11.475,11.915,-61.485,51.026,4.522,3.672
-0.248,-0.036,0.167,25.024,168.457,-25.208,11.849,-58.37,52.009,4.656,3.71
-0.347,-0.045,0.214,-7.751,147.217,-25.635,11.541,-55.19,52.696,4.878,3.803
-0.485,-0.076,0.324,11.292,127.38,-14.16,11.102,-52.405,53.388,4.878,3.803
-0.529,-0.072,0.333,53.04,43.213,-12.939,11.31,-50.57,54.025,4.741,3.44
-0.375,-0.048,0.241,109.68,45.837,-20.325,12.557,-49.521,54.882,4.575,3.869
-0.267,-0.092,0.167,172.424,79.163,-16.785,14.771,-48.505,56.569,4.575,3.869
-0.098,-0.058,0.023,154.541,61.89,6.47,16.941,-47.455,58.804,3.499,4.5
0.62,0.127,-0.335,86.731,186.462,51.514,17.188,-45.511,62.413,3.499,4.5
3.476,-0.161,1.203,-304.688,449.402,29.785,12.387,-39.699,66.363,3.499,4.5
1.775,0.406,2.603,-118.286,-989.258,-107.239,9.448,-45.203,64.583,3.267,4.51
1.328,0.667,-0.949,-424.5,-543.518,-7.935,9.003,-60.046,58.403,3.089,4.714
1.361,0.87,-0.862,-574.158,322.632,71.411,-0.978,-62.265,58.557,3.089,4.714
2.302,0.949,1.093,140.686,629.639,43.274,-5.35,-52.921,58.832,3.089,4.714
2.037,0.42,1.58,450.073,132.446,113.037,-0.165,-45.549,60.09,3.282,4.739
1.061,-0.634,3.998,381.47,-428.528,96.558,6.542,-48.807,62.424,3.282,4.739
1.209,-0.262,1.189,-14.038,-851.99,28.748,11.882,-61.518,60.392,3.542,4.537
1.224,0.207,0.489,-127.747,100.647,9.216,13.299,-68.67,57.162,4.554,3.718
1.083,0.357,0.53,-78.125,67.261,14.709,9.811,-66.863,58.612,4.554,3.718
0.781,0.101,0.239,34.058,53.528,10.437,8.448,-65.544,59.535,4.554,3.718
0.378,0.153,0.135,22.644,67.871,9.216,8.289,-64.248,60.249,4.6,4.103
0.05,0.178,0.095,-5.92,130.188,10.132,7.63,-62.21,61.095,4.6,4.103
-0.201,0.092,0.19,9.583,188.599,7.019,6.795,-58.997,62.007,4.624,4.152
-0.32,-0.035,0.229,13.245,187.805,-7.385,6.504,-55.184,62.512,4.741,4.1
-0.416,-0.05,0.221,-6.653,163.513,-16.724,6.487,-51.564,62.468,4.741,4.1
-0.417,-0.07,0.188,4.7,118.408,-4.333,6.476,-48.576,62.232,4.712,3.969
-0.39,0.007,0.208,23.987,54.382,6.775,6.718,-46.599,61.919,5.019,3.218
-0.341,0.023,0.166,56.335,-43.274,6.47,7.778,-46.181,61.013,5.019,3.218
-0.213,0.035,0.079,36.438,-65.002,9.827,9.344,-46.917,59.568,5.197,2.967
-0.016,0.011,-0.038,17.822,-62.866,16.113,10.635,-47.84,58.035,5.479,2.102
1.865,0.232,-0.923,-68.97,301.819,55.786,9.448,-45.379,58.661,5.479,2.102
3.312,-0.35,4.194,-481.384,152.71,-129.7,4.136,-41.155,58.513,5.497,2.1
2.021,-0.272,0.256,199.646,-812.927,-36.804,2.939,-47.785,56.223,5.548,2.01
1.504,-0.048,-1.136,309.631,9.155,4.578,9.141,-55.849,54.932,5.548,2.01
2.063,-0.214,-0.729,30.396,613.037,-14.282,10.942,-49.999,57.036,5.655,2.158
2.389,-0.179,2.203,92.407,125.732,23.438,10.651,-43.187,59.271,5.75,2.197
1.251,0.419,5.006,-152.283,-993.591,-18.494,11.854,-51.954,56.948,5.75,2.197
0.847,-0.389,0.951,-274.17,-365.967,-1.648,12.706,-65.017,50.988,5.787,2.297
1.647,0.172,0.615,-82.642,175.354,-7.874,10.025,-66.632,50.054,5.73,2.997
1.18,0.016,0.383,-17.578,46.509,-10.559,8.432,-64.259,50.729,5.73,2.997
0.83,-0.094,0.347,49.072,76.355,-9.949,8.624,-62.902,50.894,5.735,3.189
0.474,-0.035,0.202,40.71,156.494,-12.634,9.097,-60.502,51.411,4.702,3.306
0.128,-0.036,0.139,47.913,215.454,-19.592,9.366,-56.755,52.169,4.702,3.306
-0.096,-0.065,0.129,36.499,266.052,-40.222,9.756,-51.938,52.762,4.797,3.382
-0.298,-0.04,0.219,6.836,205.505,-33.569,9.943,-47.23,53.135,5.129,3.201
-0.357,-0.096,0.217,-5.859,80.811,-19.47,9.816,-44.368,53.361,5.129,3.201
-0.539,-0.076,0.269,49.805,96.313,-15.686,10.08,-42.55,53.613,5.058,2.987
-0.564,-0.026,0.34,88.44,113.22,-1.038,10.992,-40.303,54.223,4.809,4.027
-0.495,-0.142,0.329,166.138,-28.748,10.254,13.464,-39.133,53.613,4.809,4.027
-0.316,-0.19,0.143,245.667,-187.439,20.508,18.094,-41.1,52.416,4.671,4.154
0.011,0.023,-0.253,203.491,-283.142,52.917,22.714,-46.241,52.773,4.671,4.154
2.716,0.046,-1.751,-204.102,294.678,67.932,20.748,-47.021,55.761,4.671,4.154
1.904,0.15,3.189,-218.445,-33.997,-101.135,15.963,-45.049,56.706,3.589,4.261
1.544,0.552,-0.42,-354.309,-267.456,-35.4,12.255,-47.818,54.047,3.494,4.31
1.98,0.938,-0.448,-383.484,262.695,-17.334,5.784,-48.005,53.091,3.494,4.31
2.197,0.89,1.984,-26.001,147.4,-12.268,2.038,-44.242,52.949,3.564,4.412
1.706,0.255,2.048,346.436,-288.574,71.106,5.032,-45.939,53.509,3.725,4.485
1.626,-0.285,2.959,268.433,-973.694,22.583,13.041,-58.552,51.317,3.725,4.485
1.462,0.118,0.349,-60.364,159.058,6.287,18.803,-66.27,47.087,4.315,4.493
1.483,0.366,0.579,-82.458,48.279,11.963,15.573,-64.215,49.01,4.583,4.364
1.131,0.251,0.559,20.203,0.671,0.183,14.453,-63.671,49.526,4.583,4.364
0.784,0.208,0.358,24.109,19.836,5.676,14.7,-63.408,49.702,4.922,3.674
0.333,0.149,0.09,8.423,75.684,3.662,14.414,-62.435,50.345,5.068,3.606
-0.007,0.108,0.126,36.255,148.987,6.958,13.738,-60.238,51.581,5.068,3.606
-0.277,0.042,0.22,81.604,135.681,8.972,13.634,-57.48,53.031,5.068,3.606
-0.416,-0.062,0.252,120.85,113.647,-0.183,14.694,-55.031,54.108,5.068,3.976
-0.451,-0.11,0.253,70.496,91.125,-4.578,15.936,-52.927,54.789,5.068,3.976
-0.439,-0.092,0.233,27.527,27.161,4.639,16.469,-51.575,55.096,5.165,4.1
-0.383,-0.06,0.179,38.269,-23.193,12.573,16.985,-51.229,54.756,5.221,3.905
-0.38,-0.016,0.169,14.404,-51.147,21.79,17.847,-51.614,53.569,5.221,3.905
-0.387,0.075,0.104,-26.917,-174.927,41.992,18.688,-53.498,51.669,5.38,3.915
0.01,-0.029,-0.312,-153.687,-189.087,66.895,18.21,-56.777,49.51,5.711,3.728
3.687,0.08,-1.373,-283.325,693.604,23.621,11.635,-51.943,52.042,5.711,3.728
1.77,0.085,2.451,92.224,-50.903,22.4,8.174,-46.187,54.393,5.745,2.604
2.364,-0.118,-0.667,212.708,-210.693,40.894,11.063,-49.153,54.794,5.979,2.487
1.685,-0.248,-0.464,-68.726,234.863,-10.01,12.09,-49.367,55.503,5.979,2.487
2.525,-0.282,1.91,-91.919,278.992,-44.739,10.031,-44.676,56.305,5.979,2.487
1.827,-0.142,3.56,-18.25,-1242.371,-22.583,11.607,-54.333,52.894,6.001,2.729
1.342,-0.269,1.378,-176.636,-89.722,7.629,15.557,-67.148,46.263,6.001,2.729
1.891,0.205,0.517,-28.503,126.099,-11.475,13.052,-66.682,46.862,6.081,2.877
1.41,-0.023,0.431,-18.311,6.592,-15.259,12.25,-65.275,47.324,6.013,3.857
1.012,-0.178,0.461,16.968,13.306,-12.817,12.502,-64.99,47.12,6.013,3.857
0.651,-0.108,0.248,25.085,103.577,-6.592,12.541,-63.798,47.631,6.013,3.857
0.258,-0.047,0.137,22.583,143.86,-7.08,12.025,-61.37,48.845,5.575,3.847
-0.041,0.024,0.13,40.222,162.354,-7.019,11.613,-58.398,50.147,5.575,3.847
-0.233,0.039,0.188,66.65,171.814,-13.916,11.937,-55.096,51.279,5.333,3.874
-0.438,-0.008,0.266,79.102,148.01,-23.132,12.914,-52.053,52.009,5.499,3.691
-0.614,-0.022,0.325,89.355,103.76,-23.987,14.304,-49.68,52.471,5.499,3.691
-0.579,-0.074,0.337,111.633,100.769,-11.475,15.804,-47.477,53.212,5.387,3.815
-0.506,-0.127,0.331,155.273,43.274,-7.812,18.754,-45.972,52.35,5.116,4.183
-0.311,-0.072,0.163,166.016,-28.32,7.507,22.698,-45.769,50.63,5.116,4.183
0.279,0.13,-0.281,114.197,-48.34,40.1,25.021,-46.802,50.966,5.051,4.364
2.599,0.054,-0.713,-303.955,452.515,65.857,17.336,-41.424,56.53,4.563,4.427
1.337,0.156,3.156,-112.854,-558.289,-100.83,16.82,-47.269,52.861,4.563,4.427
1.374,0.547,-0.825,-441.833,-552.979,-15.137,14.42,-57.7,46.934,3.399,4.393
1.478,1.122,-1.14,-510.62,183.899,45.044,4.219,-57.881,47.587,3.143,4.614
2.25,0.76,0.604,-72.754,578.979,46.448,-0.406,-48.615,49.147,3.143,4.614
2.181,0.554,2.195,413.94,133.057,95.093,4.076,-44.094,51.378,3.25,4.644
1.287,-0.483,4.242,426.331,-522.949,86.914,12.096,-51.537,52.103,3.343,4.7
1.224,-0.182,1.78,-107.971,-701.965,33.447,16.727,-64.297,47.197,3.343,4.7
1.443,0.182,0.321,-43.823,138.123,12.268,15.579,-65.522,47.016,3.594,4.695
1.343,0.299,0.497,-52.185,32.288,12.146,13.376,-64.276,48.263,3.971,4.563
0.985,0.18,0.405,31.616,14.038,4.333,13.145,-63.809,48.686,3.971,4.563
0.582,0.118,0.204,49.316,45.776,0.732,13.623,-62.968,49.087,4.695,3.927
0.216,0.157,0.095,9.033,98.083,7.324,13.063,-61.26,50.092,4.917,3.893
-0.144,0.041,0.182,55.054,132.568,16.235,12.552,-58.837,51.63,4.917,3.893
-0.324,-0.016,0.25,90.881,174.622,11.719,12.722,-55.618,53.284,4.917,3.893
-0.451,-0.015,0.329,66.406,182.678,-4.7,13.09,-51.976,54.465,5.09,3.73
-0.557,-0.001,0.413,21.179,111.572,6.287,12.98,-49.263,55.162,5.09,3.73
-0.518,-0.037,0.335,38.391,35.461,15.686,13.288,-47.928,55.135,5.09,3.73
-0.466,-0.055,0.25,67.627,7.507,18.616,14.518,-47.329,54.432,5.09,3.73
-0.273,-0.039,0.104,63.171,-26.306,29.968,16.035,-47.379,53.498,5.09,3.73
-0.354,0.173,-0.021,-16.541,-151.794,67.322,16.496,-49.548,52.465,5.767,2.146
0.677,-0.153,-0.986,-327.698,-160.522,79.224,11.651,-52.531,51.828,5.838,2.049
4.897,-0.281,-0.149,-311.035,705.2,-14.832,3.977,-43.143,53.784,5.838,2.049
1.475,0.141,1.464,250.488,-573.059,26.917,6.4,-48.675,53.767,5.838,2.049
1.847,-0.04,-0.974,347.656,54.81,38.574,12.266,-51.174,54.706,6.042,2.158
2.329,-0.335,0.129,0.244,513.184,8.179,11.75,-43.945,57.892,6.042,2.158
2.201,-0.671,2.808,60.303,-65.186,-21.484,12.579,-42.792,58.129,6.157,2.541
2.194,0.026,3.502,-270.691,-1289.124,-2.319,14.991,-62.023,50.504,6.198,2.57
1.037,-0.196,0.956,-197.144,91.37,-14.099,13.749,-66.736,47.23,6.198,2.57
1.829,0.138,0.578,0.183,65.43,-3.052,11.975,-65.231,48.214,5.233,4.047
1.232,-0.065,0.439,3.113,-0.366,-15.564,12.123,-64.814,48.192,5.233,4.047
0.765,-0.1,0.297,37.781,52.063,-13.123,12.651,-63.973,48.334,5.233,4.047
0.397,-0.03,0.155,30.884,116.089,-8.484,12.563,-61.979,49.246,5.233,4.047
0.005,-0.007,0.171,54.138,145.142,-6.714,12.491,-59.288,50.515,5.233,4.047
-0.271,-0.011,0.196,99.609,152.1,-10.254,13.26,-56.354,51.751,5.233,4.047
-0.455,-0.042,0.268,117.065,153.625,-24.414,14.788,-53.306,52.685,5.365,3.886
-0.603,-0.042,0.341,35.828,102.722,-20.264,15.342,-50.922,53.405,5.306,3.191
-0.552,-0.034,0.296,38.208,97.9,-9.338,15.359,-48.779,54.311,5.306,3.191
-0.343,-0.094,0.187,124.207,120.544,-6.287,16.353,-46.483,56.113,4.646,3.801
-0.257,-0.104,0.112,181.091,108.459,1.892,18.386,-44.648,58.766,4.434,4.402
-0.242,-0.109,0.078,218.384,-15.442,35.583,21.209,-44.879,61.353,4.434,4.402
0.293,-0.052,-0.266,163.086,-130.798,63.293,23.593,-47.521,63.468,3.664,4.69
2.944,-0.001,-0.907,-225.586,296.753,47.668,18.193,-44.714,67.5,2.753,4.719
1.479,-0.044,3.789,-250.732,-480.042,-139.526,16.853,-49.988,62.754,2.753,4.719
1.687,0.454,-0.823,-555.42,-693.97,-13.062,13.26,-62.067,55.58,2.787,4.914
1.508,1.246,-1.266,-585.938,391.541,105.591,-0.643,-59.87,58.425,2.884,4.912
2.039,0.908,1.41,66.345,669.861,79.651,-3.598,-48.098,59.914,2.884,4.912
2.227,0.624,2.139,605.774,170.898,133.606,3.966,-42.49,62.77,3.126,4.758
1.306,-0.753,4.197,454.529,-598.572,115.906,13.035,-50.944,63.891,3.126,4.758
0.975,-0.37,1.721,-293.274,-516.174,28.931,13.447,-61.436,60.71,3.126,4.758
1.422,0.144,0.433,-86.548,117.065,7.874,10.514,-62.062,60.787,3.503,4.113
1.087,0.254,0.451,-28.809,40.222,8.362,8.937,-60.765,61.512,4.758,3.742
0.713,0.123,0.507,115.173,-3.235,-0.671,10.41,-60.491,61.551,4.758,3.742
0.34,0.102,0.381,96.619,56.091,-2.686,12.184,-59.551,61.732,4.758,3.742
0.024,0.134,0.135,45.471,70.984,8.545,12.645,-58.145,62.435,4.96,4.41
-0.2,0.098,0.143,21.606,98.694,17.456,12.112,-56.305,63.594,4.96,4.41
-0.413,0.084,0.254,64.514,120.056,18.555,12.014,-53.998,64.858,4.987,4.191
-0.52,-0.022,0.35,106.323,77.087,0.488,13.348,-52.086,65.314,5.219,4.144
-0.519,-0.034,0.328,113.098,41.077,-6.226,15.524,-50.762,64.88,5.219,4.144
-0.425,-0.054,0.195,75.928,34.18,8.057,17.342,-49.719,63.973,5.426,3.628
-0.296,-0.059,0.087,47.485,67.383,17.334,18.391,-48.323,63.276,5.428,3.55
-0.224,-0.023,0.073,32.532,32.166,45.471,18.853,-47.433,62.968,5.428,3.55
-0.036,0.026,-0.108,-54.871,-107.849,78.003,18.171,-48.884,62.43,5.857,2.049
1.554,-0.096,-1.08,-335.815,-30.762,55.054,12.184,-50.048,63.018,5.884,2.134
3.767,0.188,2.04,-280.884,433.96,-63.416,6.075,-44.033,63.479,5.884,2.134
1.647,0.004,0.33,151.184,-583.313,11.719,7.91,-50.823,62.309,5.884,2.134
2,0.027,-0.816,174.255,367.493,16.418,10.327,-48.62,63.671,6.111,2.156
2.591,-0.138,1.084,-51.086,577.515,-21.423,8.926,-38.688,65.945,6.111,2.156
1.708,-0.166,3.186,-59.692,-323.792,-37.415,8.52,-40.924,64.852,6.125,2.485
1.77,-0.124,2.887,8.484,-1113.708,-42.053,13.266,-58.876,58.541,6.125,2.485
1.599,-0.057,0.366,7.751,138.733,-21.484,15.601,-62.029,56.096,6.125,2.485
1.475,-0.015,0.491,-70.618,2.808,-10.132,14.431,-61.221,56.31,6.084,3.216
1.004,-0.125,0.547,-43.945,19.897,-16.907,13.596,-60.831,56.157,4.717,3.65
0.542,-0.059,0.256,-17.761,97.839,-14.282,12.788,-59.244,56.58,4.717,3.65
0.201,0.017,0.212,-1.343,101.196,-11.841,12.178,-57.261,57.211,5.214,3.942
-0.128,0.015,0.218,36.194,52.979,-11.841,12.464,-55.97,57.546,5.214,3.942
-0.351,-0.012,0.223,95.398,105.713,-21.912,13.815,-54.091,57.881,5.214,3.942
-0.534,-0.063,0.342,107.239,138.489,-41.077,15.694,-51.356,58.123,5.358,3.52
-0.697,-0.05,0.513,64.209,100.891,-23.926,16.765,-48.939,58.612,5.287,3.818
-0.451,-0.062,0.286,60.486,102.783,-9.583,17.65,-46.626,58.486,5.287,3.818
-0.347,-0.141,0.224,125.427,140.137,-1.953,18.759,-44.275,60.403,4.636,3.986
-0.314,-0.104,0.175,217.529,24.658,27.832,21.231,-43.748,63.144,4.429,4.541
-0.096,-0.213,-0.255,81.116,-234.68,71.655,22.824,-47.719,64.677,4.429,4.541
0.94,-0.189,-1.117,-286.255,-222.107,41.809,18.831,-52.668,65.132,3.798,4.595
4.42,0.736,-0.053,-421.082,728.455,-82.214,9.58,-43.434,67.236,3.031,4.751
1.576,0.517,0.938,-5.127,-578.43,14.954,8.355,-48.878,66.072,3.031,4.751
1.233,0.53,-0.453,-294.189,103.821,-15.442,4.592,-50.543,65.363,3.033,4.787
2.483,0.714,0.833,-218.201,582.092,-15.137,0.115,-41.732,65.226,3.34,4.904
2.145,0.545,2.299,160.583,-73.364,47.058,1.148,-40.342,65.912,3.34,4.904
1.916,-0.058,1.944,308.655,-302.246,60.364,5.977,-45.56,66.907,3.34,4.904
1.586,-0.288,2.364,-38.208,-843.689,26.55,8.745,-59.738,64.671,4.354,4.434
1.461,-0.04,0.599,-96.252,137.085,14.893,7.108,-61.826,64.622,4.354,4.434
1.356,0.271,0.588,-46.387,105.53,15.076,5.01,-59.557,65.654,4.354,4.434
0.97,0.192,0.469,17.09,14.465,7.324,4.686,-58.826,66.022,4.753,3.499
0.613,0.15,0.333,92.773,28.259,5.432,5.966,-58.343,66.215,4.753,3.499
0.208,0.112,0.167,60.486,60.12,7.874,6.982,-57.332,66.572,4.756,3.64
-0.166,0.081,0.145,34.119,95.093,6.165,7.339,-55.651,67.05,4.99,4.222
-0.431,0.03,0.218,76.172,140.991,0.061,8.196,-53.091,67.527,4.99,4.222
-0.498,-0.044,0.262,38.147,174.255,-11.169,8.795,-49.735,67.857,5.399,4.12
-0.445,-0.051,0.233,9.338,172.974,-9.155,8.795,-46.165,68.11,5.443,3.961
-0.392,-0.024,0.204,70.618,122.375,-1.77,9.613,-43.275,68.214,5.443,3.961
-0.33,-0.009,0.14,74.219,33.264,10.376,10.942,-41.896,67.896,5.674,3.379
-0.275,-0.022,0.136,55.725,-59.021,29.236,12.283,-42.369,67.028,5.847,3.235
-0.279,0.034,0.096,26.428,-189.88,57.007,13.398,-45.324,65.781,5.847,3.235
0.169,-0.027,-0.405,-127.563,-306.641,87.769,11.25,-51.35,64.649,5.825,2.768
2.824,-0.321,-1.417,-367.737,273.56,38.33,2.302,-46.511,66.918,5.93,1.73
1.571,0.367,2.856,-106.018,-48.096,-72.693,1.829,-47.73,64.847,5.93,1.73
1.857,-0.081,-0.661,236.816,-353.027,17.334,6.828,-55.025,64.633,6.042,1.6
2.105,0.089,-0.349,82.52,622.253,11.475,6.581,-43.099,67.242,6.198,1.561
2.533,-0.131,1.883,-41.382,278.32,-33.508,5.828,-37.925,67.231,6.198,1.561
1.352,-0.142,4.466,28.992,-561.279,-2.502,7.652,-49.219,65.462,6.206,1.561
1.286,-0.05,2.461,-258.179,-776.123,-16.724,5.603,-64.446,61.743,6.332,1.669
1.753,0.168,0.376,-59.57,136.597,-20.02,4.614,-61.512,61.507,6.332,1.669
1.423,-0.054,0.592,-52.795,-3.784,-16.174,4.092,-61.441,60.886,6.379,2.439
0.984,-0.117,0.468,-1.648,76.111,-13.306,4.257,-59.821,60.65,5.231,3.423
0.598,-0.092,0.256,5.554,111.023,-13.062,4.427,-57.541,60.568,5.231,3.423
0.244,-0.027,0.2,28.625,102.234,-15.625,5.12,-55.464,60.425,5.16,3.438
-0.086,-0.029,0.131,34.851,50.293,-16.357,6.031,-54.421,60.156,5.448,3.696
-0.377,-0.033,0.235,89.844,47.913,-21.729,8.113,-53.377,59.766,5.448,3.696
-0.491,-0.071,0.323,100.586,65.186,-34.058,10.519,-51.866,59.178,5.838,3.691
-0.628,-0.034,0.469,62.134,87.097,-20.691,11.684,-49.807,58.914,5.311,3.796
-0.489,-0.087,0.35,45.41,8.667,6.897,12.805,-49.312,57.7,5.311,3.796
-0.328,-0.118,0.206,77.637,-50.72,5.005,15.216,-49.955,55.723,5.272,3.944
-0.384,-0.017,0.109,82.764,-153.564,17.761,18.441,-52.553,52.987,3.862,4.527
-0.19,-0.222,-0.506,-80.75,-88.196,28.381,16.754,-54.432,53.02,3.862,4.527
1.403,0.084,-1.523,-272.766,316.528,4.883,8.948,-48.911,56.365,3.862,4.527
3.831,1.137,3.016,-88.745,569.397,-34.912,6.482,-37.859,57.552,3.257,4.575
1.608,0.028,0.049,296.265,-734.07,55.908,14.062,-52.712,55.41,3.257,4.575
1.34,0.244,-0.88,-23.499,122.375,-34.119,13.81,-50.455,55.272,3.306,4.736
2.066,0.405,0.738,-389.832,1003.723,-12.268,3.68,-31.058,58.936,3.472,4.79
1.927,0.455,2.417,44.25,-187.256,15.137,4.697,-35.217,58.975,3.472,4.79
2.023,-0.094,1.372,231.873,-324.829,49.011,9.272,-42.05,59.227,4.025,4.814
1.695,0.155,2.803,-54.504,-866.699,8.667,11.871,-59.156,54.558,4.108,4.807
1.359,-0.033,0.77,12.695,81.421,16.968,11.008,-57.568,55.893,4.108,4.807
1.253,0.396,0.5,26.428,82.825,18.738,10.486,-55.992,57.162,5.038,3.491
0.881,0.18,0.494,42.603,34.058,14.587,10.745,-55.377,57.887,5.038,3.491
0.46,0.107,0.25,43.823,28.442,10.437,11.19,-54.871,58.42,5.038,3.491
0.087,0.134,0.193,16.968,28.992,9.705,11.129,-54.349,58.903,5.192,3.654
-0.176,0.068,0.188,50.964,96.985,9.46,11.42,-52.487,59.782,5.526,3.654
-0.322,0.022,0.239,26.794,128.479,0.244,11.354,-49.949,60.507,5.526,3.654
-0.466,0.048,0.25,-41.443,106.75,6.531,9.976,-47.791,61.117,5.518,4.142
-0.482,0.016,0.243,12.573,68.115,16.907,9.728,-46.329,61.556,5.755,3.53
-0.377,-0.002,0.165,89.661,66.467,14.282,11.195,-44.802,61.595,5.755,3.53
-0.341,-0.001,0.181,146.118,98.267,9.094,13.898,-42.589,61.315,5.721,2.295
-0.263,-0.057,0.15,136.536,45.166,30.029,16.408,-41.523,61.002,6.201,1.903
-0.237,-0.011,0.073,95.703,-73.792,52.368,18.501,-42.863,60.172,6.201,1.903
0.004,-0.079,-0.193,-78.064,-291.138,90.942,17.908,-48.56,58.315,6.201,1.903
1.578,-0.012,-0.939,-268.677,-107.849,83.74,11.365,-51.213,59.804,6.237,1.515
3.274,-0.233,2.094,-327.148,459.9,-71.777,4.933,-42.226,59.854,6.237,1.515
2.089,0.071,0.198,42.603,-442.627,-2.197,6.801,-51.295,58.683,6.41,1.544
2.586,-0.028,-0.906,137.207,374.146,17.395,8.135,-44.33,60.782,6.5,1.598
2.51,-0.155,0.937,-69.641,423.157,-43.945,6.603,-36.332,61.188,6.5,1.598
2.171,-0.232,2.062,-130.066,-233.643,-54.626,5.273,-41.281,59.354,6.5,1.598
1.767,-0.111,4.759,78.125,-1159.607,-24.902,12.025,-64.182,53.097,6.593,1.754
1.42,-0.396,0.414,33.691,163.269,-6.226,11.371,-60.875,54.673,6.593,1.754
1.352,0.034,0.556,32.471,78.247,-9.033,11.536,-59.277,55.311,6.588,2.663
0.954,-0.094,0.411,-1.465,-33.997,-15.686,12.03,-59.87,54.783,6.427,3.564
0.538,-0.064,0.239,-6.653,-11.719,-14.526,12.228,-60.04,54.487,6.427,3.564
0.134,-0.009,0.224,-12.451,-0.671,-12.695,12.167,-59.991,54.355,5.275,3.62
-0.243,-0.001,0.225,38.513,86.365,-12.146,12.458,-58.233,54.987,5.321,3.896
-0.485,0.015,0.258,40.771,109.68,-17.883,12.799,-55.959,55.602,5.321,3.896
-0.584,-0.001,0.335,25.269,89.783,-5.554,12.59,-54.042,56.464,5.155,4.086
-0.498,-0.067,0.287,52.734,121.46,-1.77,12.656,-51.411,57.607,5.155,4.086
-0.404,-0.072,0.326,40.466,123.84,-0.183,12.958,-48.642,57.574,5.155,4.086
-0.353,-0.033,0.296,54.688,17.029,-1.282,14.612,-47.961,55.948,5.155,4.086
-0.372,-0.011,0.152,92.529,-154.053,16.113,17.913,-50.592,53.306,3.708,4.524
0.137,-0.052,-0.677,7.263,-210.876,25.146,19.677,-54.514,50.905,3.708,4.524
2.369,0.126,-1.392,-195.374,349.548,-30.029,13.92,-48.082,53.52,3.708,4.524
2.417,0.537,3.535,31.25,-114.319,-41.992,16.172,-50.279,51.537,3.386,4.836
1.377,0.143,-0.568,141.968,-593.811,29.785,24.225,-61.716,45.412,3.386,4.836
1.314,0.461,-1.104,-233.887,378.052,-44.189,16.765,-54.553,48.873,3.396,4.912
2.641,0.535,1.496,-217.163,783.691,-31.372,9.426,-39.501,53.168,3.347,4.917
2.036,0.207,1.746,47.363,-196.167,18.005,10.8,-43.731,52.773,3.347,4.917
1.971,-0.14,1.232,237.061,-211.609,52.856,15.518,-48.307,52.971,3.389,4.987
1.544,0.139,3.43,-52.429,-887.512,-1.892,23.478,-65.056,42.385,3.584,4.863
0.998,-0.13,1.397,-133.972,14.587,7.568,19.946,-64.682,43.363,3.584,4.863
1.346,0.388,0.407,-4.456,105.896,3.479,18.105,-62.567,45.357,4.278,4.088
0.982,0.12,0.524,60.852,18.25,11.597,18.517,-62.188,46.296,5.107,4.322
0.576,0.047,0.328,80.505,14.282,7.08,19.528,-61.87,46.989,5.107,4.322
0.137,0.052,0.167,111.694,58.044,8.85,20.55,-60.754,48.373,5.107,4.322
-0.243,0.029,0.122,113.831,116.638,-0.488,21.242,-58.491,50.208,5.107,4.322
-0.472,-0.04,0.167,7.08,155.09,-9.827,19.808,-55.415,52.059,5.107,4.322
-0.518,0.026,0.239,-96.008,224.243,-3.784,15.991,-50.96,54.333,5.399,4.434
-0.511,0.047,0.27,-72.266,234.253,19.653,12.755,-46.269,56.481,5.611,4.203
-0.396,0.019,0.144,-50.049,241.882,33.386,10.327,-41.342,58.107,5.611,4.203
-0.301,-0.047,0.19,-18.188,204.651,32.166,9.163,-37.079,58.832,5.733,3.706
-0.249,0.017,0.174,54.443,42.053,43.457,9.926,-36.046,58.843,5.813,2.877
-0.115,-0.093,-0.024,-88.928,-311.951,22.522,9.207,-41.896,56.662,5.813,2.877
0.193,0.171,-0.445,-178.284,-697.632,-11.78,9.207,-55.206,51.476,5.945,2.782
3.093,0.486,-2.136,-30.334,-31.799,-3.784,9.377,-56.327,50.872,6.081,1.881
1.041,0.341,2.373,125.549,223.572,10.925,10.827,-52.322,52.438,6.081,1.881
2.25,-0.164,-0.432,430.908,-42.236,40.649,18.853,-53.652,53.355,6.281,1.876
2.528,-0.133,0.405,83.008,534.546,7.812,16.699,-43.929,58.563,6.422,1.978
2.314,-0.116,1.994,-37.598,40.283,-33.508,16.353,-43.347,58.123,6.422,1.978
3.081,0.574,11.073,-95.093,-1052.368,-19.287,24.642,-62.957,45.626,6.476,2.088
0.948,-0.498,1.642,-436.523,-233.643,14.709,18.474,-67.11,42.83,6.115,3.079
1.941,0.287,0.535,-54.932,162.903,-14.099,15.474,-63.644,44.967,6.115,3.079
1.313,0.042,0.376,-34.485,27.161,-15.747,14.81,-62.825,44.978,6.115,3.079
0.922,-0.112,0.455,30.945,-14.221,-16.357,15.897,-62.842,44.495,6.115,3.079
0.461,-0.014,0.274,53.345,75.562,-12.878,16.348,-61.172,45.242,6.115,3.079
0.145,-0.013,0.161,26.489,116.699,-11.597,15.87,-58.744,46.456,5.107,3.998
-0.142,-0.033,0.13,37.048,140.991,-16.663,15.661,-55.844,47.631,5.321,4.044
-0.401,-0.075,0.244,79.956,143.188,-29.48,16.661,-52.828,48.411,5.321,4.044
-0.57,-0.133,0.379,91.858,69.275,-28.748,18.309,-51.18,48.664,5.682,3.762
-0.619,-0.031,0.41,0.671,83.496,-21.057,17.792,-49.191,49.219,5.648,3.374
-0.412,0.002,0.274,1.526,122.375,-4.028,17.397,-46.434,48.884,5.648,3.374
-0.371,-0.046,0.213,61.768,66.284,-3.174,18.803,-44.764,47.791,5.445,4.288
-0.339,0.029,0.125,0.549,-32.959,13.123,19.407,-45.033,46.214,4.385,4.617
-0.035,-0.055,-0.326,-129.639,-170.166,20.569,18.298,-47.906,43.517,4.385,4.617
2.431,0.122,-1.518,-281.006,245.728,-14.221,11.613,-43.374,45.33,4.385,4.617
2.669,0.829,3.583,-47.974,-56.396,-53.711,11.97,-44.467,43.726,4.032,4.712
1.349,0.186,-0.408,123.657,-640.198,13.611,18.27,-56.986,39.045,4.032,4.712
2.525,0.658,1.791,-185.12,793.396,-28.503,11.42,-48.999,42.314,4.015,4.834
1.972,0.457,1.941,230.957,-185.425,57.129,8.438,-38.441,44.637,4.2,4.829
1.374,-0.137,3.938,317.749,-518.066,56.458,13.579,-44.121,44.769,4.2,4.829
0.668,-0.206,2.487,-143.738,-391.357,17.029,19.891,-53.641,41.841,4.946,4.78
1.422,0.183,0.069,36.316,126.16,4.578,19.94,-58.464,39.37,4.946,4.78
1.07,0.292,0.575,12.39,9.033,4.456,19.177,-56.525,40.995,4.946,4.78
0.666,0.154,0.375,35.95,8.545,7.507,19.138,-56.277,41.495,5.331,4.471
0.258,0.095,0.193,25.94,45.105,2.686,19.308,-55.893,42.111,5.448,3.579
-0.136,0.051,0.199,55.481,118.591,6.897,19.138,-54.635,43.143,5.448,3.579
-0.359,-0.028,0.234,14.526,189.087,-4.395,18.627,-52.004,44.896,5.862,4.351
-0.519,-0.037,0.329,-27.405,185.059,2.625,17.26,-48.312,46.736,5.913,4.261
-0.439,-0.011,0.239,24.719,144.104,14.038,15.716,-44.824,48.329,5.913,4.261
-0.313,-0.041,0.154,110.535,151.917,12.085,15.59,-41.841,49.565,5.913,4.261
-0.313,-0.064,0.208,149.17,108.948,19.531,17.078,-38.892,50.499,5.989,4.071
-0.22,-0.095,0.146,133.423,-25.818,39.001,19.402,-37.227,50.713,5.989,4.071
-0.25,-0.031,0.071,74.829,-198.364,76.721,21.846,-38.452,49.823,6.02,3.508
-0.086,-0.129,-0.194,-58.167,-465.698,120.3,23.692,-43.572,47.631,6.447,2.904
0.8,-0.162,-0.793,-217.712,-370.972,84.778,23.912,-52.284,44.401,6.447,2.904
3.692,0.066,-0.665,-465.942,712.463,-5.859,17.43,-54.888,45.884,6.447,2.904
1.965,0.295,1.134,-12.085,-97.656,24.841,7.811,-45.505,49.625,6.513,2.241
2.332,0.3,-0.055,262.634,302.063,46.204,8.454,-45.983,50.685,6.513,2.241
2.547,0.045,1.122,-59.265,367.493,-15.564,10.613,-40.292,53.163,6.513,2.241
2.211,0.007,2.267,-7.202,-306.58,-15.991,9.481,-36.81,53.8,6.793,2.582
2.21,-0.038,4.07,57.373,-1258.789,-35.217,11.898,-47.758,50.735,6.793,2.582
1.504,-0.168,0.673,-19.226,136.23,-12.695,21.226,-65.034,40.748,6.603,3.862
1.713,0.072,0.584,-43.762,83.252,-14.832,19.166,-62.573,42.627,6.603,3.862
1.208,-0.082,0.502,-69.641,-30.701,-17.151,17.803,-61.425,43.193,6.603,3.862
0.728,-0.073,0.47,-29.968,2.808,-15.32,17.216,-61.749,42.671,6.603,3.862
0.304,0.041,0.192,15.564,43.03,-17.395,17.034,-61.408,42.627,5.808,3.92
-0.036,0.003,0.173,48.767,68.298,-14.587,17.336,-60.375,42.99,5.808,3.92
-0.321,-0.031,0.184,56.396,146.362,-24.292,17.776,-58.607,43.813,5.789,4.244
-0.53,-0.069,0.32,15.32,144.104,-30.823,17.831,-55.679,44.973,5.95,3.986
-0.636,-0.065,0.397,-13.977,104.675,-16.357,17.287,-52.91,45.939,5.95,3.986
-0.49,-0.016,0.284,-24.536,129.211,-7.141,16.144,-50.576,47.016,5.777,3.516
-0.377,-0.061,0.258,64.27,167.297,-4.517,15.073,-47.598,48.219,3.749,4.914
-0.36,0.007,0.167,131.409,41.748,23.376,16.117,-44.599,48.181,3.749,4.914
-0.167,-0.223,-0.238,-25.818,-266.663,42.908,18.177,-45.022,47.049,3.749,4.914
0.628,-0.031,-0.991,-160.645,-354.919,1.038,18.715,-50.46,44.357,3.749,4.914
4.376,0.849,-1.25,-126.404,492.493,-53.284,16.754,-53.481,43.445,3.749,4.914
1.515,0.329,1.207,202.209,-260.559,40.405,14.952,-48.021,45.038,3.749,4.914
1.662,0.26,-0.249,41.687,140.625,4.517,18.803,-51.685,44.566,3.752,5.038
2.191,0.554,0.753,-133.118,463.257,-42.786,17.512,-47.856,46.505,3.752,5.038
1.934,0.414,1.751,-97.534,-59.57,-25.879,14.161,-41.693,48.071,4.99,4.697
2.062,0.114,1.604,43.701,-264.038,10.071,13.87,-44.099,46.983,4.99,4.697
1.788,0.121,3.059,1.953,-993.896,16.907,17.111,-52.965,43.813,4.99,4.697
1.29,-0.106,1.02,-90.637,84.229,18.372,25.06,-66.555,34.332,4.99,4.697
1.483,0.548,0.514,28.015,52.673,14.587,21.522,-65.176,36.996,5.012,4.415
1.07,0.21,0.531,36.255,11.78,9.766,20.792,-64.391,38.578,5.012,4.415
0.634,0.164,0.288,45.715,24.597,7.141,20.874,-64.1,39.43,5.243,3.652
0.23,0.131,0.131,48.645,38.513,6.348,21.039,-63.556,40.358,5.216,4.169
-0.17,0.045,0.16,80.444,49.622,2.502,21.308,-62.765,41.391,5.216,4.169
-0.335,-0.053,0.186,95.398,165.588,-4.272,21.786,-61.238,42.803,5.562,4.383
-0.471,-0.027,0.251,-15.686,237.671,-9.338,20.918,-57.695,45.396,5.67,4.485
-0.485,-0.029,0.288,2.625,177.307,15.259,18.495,-53.355,48.027,5.67,4.485
-0.353,-0.045,0.206,48.706,119.08,21.79,17.029,-50.136,50.12,6.003,3.837
-0.341,-0.056,0.234,134.399,53.894,25.085,17.199,-47.983,51.46,6.457,2.351
-0.33,-0.097,0.186,156.372,-99.609,46.997,19.429,-47.444,51.608,6.457,2.351
-0.287,0.016,0.045,102.356,-225.83,67.932,22.885,-49.812,50.048,6.457,2.351
0.055,-0.125,-0.451,-111.816,-300.598,92.712,25.675,-54.36,47.104,6.457,2.351
2.041,-0.056,-1.401,-357.117,157.227,38.208,23.203,-57.98,45.489,6.457,2.351
2.082,0.278,3.216,-105.835,279.48,-45.105,15.216,-55.058,48.318,6.593,1.917
1.954,-0.333,-0.495,234.375,-460.815,16.418,14.859,-53.207,48.477,6.669,1.856
2.137,0.096,-0.842,-33.508,578.613,-16.785,19.473,-57.294,47.148,6.669,1.856
2.678,-0.077,1.532,-245.178,279.053,-84.351,14.639,-47.873,51.262,6.671,1.883
2.226,-0.096,1.797,-46.509,-216.064,-22.827,11.393,-44.929,50.614,6.678,2.185
2.002,-0.333,4.618,58.594,-1248.474,-26.184,13.876,-54.338,47.06,6.678,2.185
1.017,-0.591,0.72,-96.069,18.982,-4.028,27.883,-71.592,32.141,6.79,2.519
1.746,0.177,0.546,-44.128,98.999,-4.517,24.587,-70.73,34.036,6.859,3.14
1.159,-0.111,0.436,10.559,63.843,-8.667,21.687,-68.928,36.645,6.859,3.14
0.729,-0.077,0.287,50.964,48.218,-7.996,20.88,-67.676,38.117,5.984,4.208
0.255,0.011,0.189,50.537,65.674,-10.498,20.901,-66.588,39.348,5.984,4.208
-0.092,0.007,0.155,55.603,71.045,-13.733,20.891,-65.22,40.638,5.984,4.208
-0.369,0.021,0.166,68.787,99.365,-19.958,21.061,-63.616,41.896,6.045,4.295
-0.511,-0.022,0.206,41.077,134.46,-19.165,21.061,-61.408,43.412,6.184,3.64
-0.535,-0.068,0.245,14.832,218.689,-19.897,20.006,-58.266,45.522,6.184,3.64
-0.378,-0.086,0.233,37.537,271.118,-17.273,18.188,-53.602,48.301,6.184,3.64
-0.265,-0.044,0.18,105.286,257.324,-17.761,17.106,-48.246,51.312,5.423,4.495
-0.244,-0.026,0.183,144.409,115.906,24.17,17.545,-43.989,54.448,5.423,4.495
-0.033,0.026,0.026,110.474,-59.143,46.936,18.644,-43.006,57.508,5.423,4.495
0.833,0.082,-0.312,-39.185,-62.256,44.25,18.935,-44.577,59.766,4.052,4.822
2.887,0.754,1.404,-65.796,198.608,-3.418,17.1,-44.714,61.139,4.052,4.822
1.451,0.121,0.913,205.322,-806.091,2.747,17.496,-45.873,60.749,4.049,4.929
1.251,0.33,-0.855,-406.128,-93.628,-19.226,24.571,-57.568,53.229,4.049,4.929
2.186,0.748,-0.472,-511.108,447.388,-31.616,16.452,-56.728,52.789,4.049,4.929
2.181,0.631,1.351,34.729,301.086,-4.089,7.767,-48.895,54.58,4.088,4.939
2.129,0.002,1.879,232.056,-187.317,64.758,8.932,-45.709,55.596,4.322,5.104
1.938,-0.104,3.907,41.016,-1095.032,31.006,13.601,-54.207,54.558,4.322,5.104
1.044,-0.241,1.117,-148.438,-77.942,19.836,22.451,-70.241,44.561,4.982,5.07
1.774,0.557,0.533,-42.847,82.397,17.517,19.424,-70.856,45.22,5.165,5.019
1.314,0.229,0.497,39.185,24.292,14.038,16.749,-69.478,47.604,5.165,5.019
0.97,0.194,0.376,43.884,18.555,15.32,16.392,-68.961,48.862,5.553,4.303
0.484,0.175,0.225,30.151,52.185,14.221,16.013,-68.39,50.136,5.565,3.815
0.052,0.1,0.216,20.691,32.776,15.625,15.238,-67.434,51.57,5.565,3.815
-0.22,0.044,0.148,57.129,34.973,19.653,14.683,-66.747,52.795,6.084,4.505
-0.392,-0.037,0.2,133.911,160.889,15.32,14.661,-65.407,54.437,6.059,4.571
-0.48,-0.034,0.22,27.649,251.648,-2.502,14.496,-61.732,56.92,6.059,4.571
-0.407,-0.004,0.249,-24.78,236.572,8.667,12.821,-56.706,59.052,6.042,4.31
-0.333,-0.005,0.226,30.701,184.265,7.751,11.173,-52.086,60.562,6.427,3.672
-0.302,-0.004,0.209,68.97,64.575,29.968,11.14,-48.763,61.243,6.427,3.672
-0.28,-0.024,0.142,84.29,-120.056,53.894,12.129,-48.159,61.276,6.427,3.672
-0.154,0.023,-0.05,1.892,-291.687,73.425,13.64,-51.207,60.326,6.569,3.333
0.717,0.147,-0.646,-201.294,-274.719,70.984,13.596,-56.717,58.563,6.569,3.333
3.508,0.345,-0.231,-299.683,416.992,-20.02,8.795,-58.727,58.771,6.637,3.269
1.452,0.004,0.975,92.163,-325.623,24.719,4.433,-54.459,59.414,6.783,2.09
2.563,0.065,-0.773,273.621,257.996,36.682,6.921,-58.343,59.919,6.783,2.09
2.566,-0.19,0.654,-90.515,360.107,-28.564,8.855,-53.157,62.155,6.781,2.139
2.379,-0.209,1.614,-174.683,-48.767,-63.293,6.691,-48.367,62.221,6.793,2.49
1.405,-0.234,4.07,62.012,-488.77,-27.954,6.031,-51.724,60.227,6.793,2.49
1.513,-0.681,1.651,-238.831,-881.165,-24.17,9.086,-63.287,56.42,6.898,2.843
1.634,0.034,0.445,-1.892,183.899,-2.258,12.063,-75.119,49.543,6.9,3.413
1.321,-0.078,0.413,-25.696,89.294,-1.953,9.641,-72.252,51.905,6.9,3.413
0.927,-0.117,0.339,61.646,95.459,-3.662,8.921,-70.285,53.152,6.432,3.491
0.443,-0.089,0.237,108.521,98.999,-7.629,9.745,-68.253,54.19,5.348,3.974
0.114,-0.021,0.191,85.754,110.474,-14.648,10.975,-66.088,55.063,5.348,3.974
-0.141,-0.011,0.143,38.269,88.989,-18.188,11.728,-64.017,55.69,6.013,4.444
-0.398,-0.03,0.21,33.63,103.882,-18.982,12.052,-62.001,56.234,6.013,4.444
-0.52,-0.044,0.28,28.931,114.197,-14.954,12.09,-59.711,57.008,6.013,4.444
-0.562,-0.002,0.305,19.409,146.24,-1.587,11.541,-56.959,58.321,5.531,4.113
-0.39,-0.065,0.235,46.448,103.943,2.869,10.931,-54.261,60.04,5.477,3.481
-0.265,0,0.209,75.989,35.522,-7.263,11.058,-53.042,62.298,5.477,3.481
-0.277,-0.018,0.161,85.205,-130.859,10.803,13.387,-53.828,61.007,5.087,4.524
-0.153,-0.089,0.011,88.806,-267.09,18.127,17.408,-57.371,57.519,4.802,4.634
0.711,-0.033,-0.719,25.574,-146.179,3.357,20.522,-61.293,55.25,4.802,4.634
3.949,0.552,-0.438,-233.826,747.009,-33.264,15.452,-55.679,59.024,4.013,4.78
1.934,0.4,1.207,-67.444,-325.378,-19.104,11.794,-51.905,60.013,3.976,4.931
1.83,0.483,-0.329,-165.161,115.784,-30.64,10.893,-54.135,58.447,3.976,4.931
2.197,0.881,0.29,-141.663,412.048,-15.137,7.619,-49.197,58.958,4.02,4.956
2.298,0.465,2.079,27.222,-59.143,26.917,6.163,-46.088,59.661,4.325,5.024
2.072,0.08,1.465,259.583,-305.603,50.415,8.899,-50.054,60.04,4.325,5.024
1.831,0.121,2.986,-45.044,-898.804,22.034,14.013,-62.056,56.635,4.429,5.024
1.497,-0.161,0.958,-62.805,71.533,-4.272,17.661,-69.901,51.515,5.511,4.685
1.505,0.341,0.47,18.005,115.723,14.832,15.458,-67.989,53.438,5.511,4.685
1.114,0.204,0.557,26.611,-9.644,7.019,14.694,-66.918,54.789,5.511,4.685
0.815,0.174,0.436,57.312,-8.545,9.094,15.244,-67.039,55.118,5.667,3.374
0.47,0.144,0.278,53.101,12.207,5.188,15.98,-66.945,55.536,5.667,3.374
0.095,0.078,0.191,70.984,51.636,8.606,16.479,-66.275,56.343,5.869,3.123
-0.243,0.042,0.124,79.407,112.305,2.625,16.699,-64.644,57.739,6.028,3.81
-0.461,-0.032,0.206,20.935,161.926,-1.404,16.111,-61.908,59.491,6.028,3.81
-0.616,0.031,0.3,-56.335,154.907,9.949,14.139,-58.727,61.287,6.137,4.212
-0.497,0.024,0.254,-37.537,118.896,24.231,11.799,-55.876,62.787,6.137,4.212
-0.331,-0.003,0.173,27.283,114.807,16.785,10.734,-53.311,63.611,6.137,4.212
-0.296,0.034,0.201,85.815,79.956,7.385,11.53,-51.059,63.512,6.208,3.898
-0.251,-0.01,0.136,101.624,-45.776,42.542,13.403,-50.449,62.897,6.673,3.569
-0.211,-0.021,-0.017,21.179,-241.394,70.557,15.079,-53.119,61.732,6.673,3.569
0.46,-0.207,-0.646,-172.302,-320.007,62.744,15.068,-58.475,59.337,6.673,3.569
3.822,-0.05,-1.297,-275.574,506.226,-12.634,9.531,-56.777,60.529,6.744,2.117
1.582,0.41,2.74,90.21,-309.387,-23.438,7.844,-55.272,60.546,6.744,2.117
1.886,-0.018,-0.632,241.76,-246.033,15.076,12.854,-60.892,58.705,6.727,2.119
1.969,0.114,-0.083,50.049,642.578,10.498,13.623,-57.36,61.32,6.978,2.441
2.408,-0.246,2.166,-14.038,136.169,-22.461,11.832,-50.087,64.1,6.978,2.441
1.428,-0.018,3.929,-98.083,-639.893,-39.001,12.81,-55.08,61.556,6.978,2.441
0.818,-0.33,2.705,-343.567,-319.031,-2.075,12.722,-64.188,56.624,7,2.707
1.812,0.242,0.313,45.593,129.7,-30.762,10.997,-65.748,55.355,7,2.707
1.323,-0.053,0.604,-29.419,-9.705,-19.104,11.437,-64.308,55.135,6.978,2.736
0.867,-0.13,0.603,-21.301,24.109,-16.968,11.36,-63.962,54.745,6.695,3.386
0.514,-0.033,0.296,30.823,51.941,-19.043,11.613,-63.034,54.651,6.695,3.386
0.135,-0.064,0.187,46.997,68.42,-15.93,12.321,-61.688,54.811,6.028,3.835
-0.2,-0.086,0.131,58.96,123.169,-19.775,12.991,-59.667,55.338,6.164,4.378
-0.452,-0.029,0.228,41.748,149.902,-23.926,13.387,-56.832,56.129,6.164,4.378
-0.565,-0.061,0.338,18.799,42.419,-9.827,13.497,-54.761,56.788,6.164,4.378
-0.589,-0.08,0.333,45.471,31.128,-3.662,13.667,-53.795,57.426,6.21,4.059
-0.402,-0.022,0.242,81.055,67.444,-6.409,14.046,-52.795,59.139,6.21,4.059
-0.412,-0.07,0.257,162.781,-62.195,7.385,16.919,-52.575,58.189,5.874,3.698
-0.344,0.019,0.033,152.161,-243.103,28.503,22.066,-55.168,54.992,5.648,4.61
-0.018,-0.203,-0.676,-54.626,-231.812,35.156,25.818,-59.507,51.356,5.648,4.61
1.721,0.105,-1.523,-292.419,356.873,4.883,19.819,-59.035,54.684,4.661,4.809
2.77,0.886,3.158,-102.722,315.857,-60.852,13.958,-52.954,57.189,4.422,4.895
1.593,0.166,-0.105,109.253,-472.046,35.095,14.914,-54.503,56.206,4.422,4.895
1.322,0.481,-0.566,-257.446,338.44,-32.715,14.079,-55.915,55.574,4.268,4.943
2.707,0.771,1.7,-150.94,483.765,-31.799,8.998,-47.988,57.052,4.364,5.121
1.924,0.295,1.61,99.609,-237.671,29.724,8.328,-45.813,57.502,4.364,5.121
1.964,-0.063,1.319,242.065,-167.908,50.964,11.728,-50.12,57.684,4.376,5.129
1.641,0.19,2.917,-55.115,-806.091,15.442,16.359,-59.744,54.448,4.59,5.163
1.417,-0.073,0.98,-18.982,53.528,-1.038,19.869,-66.78,49.724,4.59,5.163
1.371,0.394,0.553,20.569,64.087,13,18.561,-65.555,51.207,4.853,5.121
1.043,0.188,0.592,30.64,17.09,11.963,17.897,-64.742,52.531,5.448,4.822
0.667,0.185,0.356,21.545,41.077,7.996,17.562,-64.138,53.503,5.448,4.822
0.241,0.153,0.228,-4.089,60.608,6.226,16.798,-63.116,54.558,5.806,3.888
-0.078,0.095,0.148,27.588,99.854,4.15,15.963,-61.512,55.767,5.677,3.883
-0.304,0.039,0.192,29.602,126.282,-1.648,15.419,-59.249,57.041,5.677,3.883
-0.447,0.033,0.241,-16.846,152.222,-5.371,14.513,-56.426,58.222,5.979,4.544
-0.51,0.042,0.225,-37.354,146.79,8.972,12.953,-53.361,59.37,6.242,4.588
-0.438,-0.003,0.157,8.789,104.431,13,11.832,-50.696,60.222,6.242,4.588
-0.387,-0.012,0.193,66.711,48.401,5.981,12.25,-48.895,60.276,6.249,3.618
-0.297,-0.035,0.168,107.727,-95.337,30.823,14.211,-49.037,59.431,6.249,3.618
-0.34,0.017,0.072,57.8,-254.333,60.669,16.743,-52.229,57.695,6.249,3.618
-0.103,-0.131,-0.508,-183.838,-476.379,94.36,17.82,-59.189,54.366,6.647,3.291
1.807,-0.026,-1.616,-331.116,-66.528,16.602,14.974,-64.429,51.482,6.834,2.285
2.538,0.648,1.479,-118.713,601.929,-38.086,9.47,-59.667,52.888,6.834,2.285
1.834,-0.13,0.114,431.152,-299.744,56.213,11.964,-56.997,53.871,6.861,2.239
2.487,-0.32,-0.411,166.809,462.524,6.958,16.172,-55.915,56.118,6.92,2.217
2.55,-0.292,1.633,-162.109,334.778,-65.979,14.145,-48.505,58.859,6.92,2.217
2.146,-0.181,1.776,-95.093,-262.512,-44.617,12.475,-47.933,57.772,6.944,2.21
1.697,0.248,4.462,-43.152,-1041.016,-37.72,16.496,-60.546,51.262,7.036,2.275
1.235,-0.625,1.067,-135.864,42.297,-2.441,22.527,-69.637,42.753,7.036,2.275
1.605,0.232,0.498,25.513,109.009,-11.23,19.786,-68.027,44.621,7.095,2.422
1.082,-0.067,0.427,-10.681,45.288,-13.611,18.831,-66.385,45.912,7.015,2.707
0.73,-0.087,0.422,47.424,21.545,-12.146,18.875,-65.594,46.362,7.015,2.707
0.285,-0.072,0.22,54.504,50.232,-10.62,19.457,-64.781,46.939,6.079,3.762
-0.066,-0.073,0.106,60.486,114.197,-13.428,19.55,-63.105,48.208,5.808,4.137
-0.366,-0.035,0.149,55.847,146.301,-18.616,19.27,-60.513,49.938,5.808,4.137
-0.535,-0.029,0.269,25.085,78.308,-9.216,18.88,-58.255,51.422,6.12,4.412
-0.554,-0.035,0.293,53.467,48.767,0.427,18.682,-56.904,52.668,6.379,4.127
-0.471,-0.075,0.265,83.923,86.609,-4.211,18.847,-55.41,54.245,6.379,4.127
-0.45,-0.011,0.268,172.791,23.56,-7.141,20.193,-54.404,56.415,6.174,3.757
-0.312,-0.002,0.102,175.354,-145.935,28.076,23.082,-55.97,57.942,5.869,4.225
-0.082,-0.034,-0.172,69.763,-217.773,45.471,28.229,-59.112,54.036,5.869,4.225
0.916,0.001,-0.932,-110.107,36.926,34.241,27.455,-61.216,54.778,5.423,4.792
3.934,0.383,0.593,-362.915,834.839,-68.604,17.825,-53.273,60.705,4.58,4.985
1.655,0.451,1.242,91.064,-745.667,16.724,15.282,-52.663,60.645,4.58,4.985
1.401,0.464,-0.931,-343.628,-30.579,-33.997,16.644,-60.183,56.157,4.583,5.026
2.348,0.699,0.352,-378.418,690.918,-24.658,8.657,-53.833,57.299,4.756,5.185
2.059,0.557,2.213,94.421,-41.138,31.86,5.114,-47.736,58.48,4.756,5.185
1.932,0.073,1.141,325.317,-210.571,68.726,8.707,-50.576,59.464,4.936,5.197
1.607,-0.131,3.783,83.252,-729.431,25.024,14.617,-60.018,57.376,4.929,5.197
1.022,-0.203,1.503,-115.784,-47.424,22.827,17.748,-67.418,53.492,4.929,5.197
1.468,0.423,0.356,-30.579,106.262,7.507,15.04,-66.725,54.822,5.265,5.233
1.105,0.267,0.515,0.549,30.396,7.202,13.579,-65.281,56.069,6.062,4.13
0.717,0.172,0.367,28.015,33.569,6.775,13.233,-64.561,56.75,6.062,4.13
0.31,0.159,0.254,17.7,36.926,4.822,13.118,-63.781,57.354,6.062,4.13
0.028,0.072,0.157,54.382,98.145,1.892,13.2,-62.073,58.25,6.064,3.742
-0.186,0.038,0.193,52.124,147.339,-0.427,13.167,-59.343,59.447,6.064,3.742
-0.306,0.002,0.191,22.217,142.883,0.183,12.744,-56.426,60.584,6.215,3.949
-0.391,0.004,0.17,8.85,125.366,5.615,12.09,-53.767,61.589,5.818,4.571
-0.435,-0.008,0.163,42.664,71.289,13,12.068,-51.938,62.32,5.818,4.571
-0.418,-0.034,0.191,125.793,-10.986,18.311,13.81,-51.487,62.457,5.857,4.749
-0.405,-0.052,0.217,177.917,-140.991,39.246,17.457,-53.322,61.392,6.364,4.671
-0.321,-0.074,0.096,183.411,-274.902,64.148,22.934,-57.81,58.447,6.364,4.671
-0.134,-0.136,-0.37,38.635,-289.124,100.037,27.312,-63.248,54.498,6.588,4.624
1.538,-0.028,-1.177,-193.848,119.629,69.397,21.572,-63.655,58.008,6.566,4.169
3.241,-0.042,2.198,-314.331,713.318,-47.119,11.321,-53.047,63.463,6.566,4.169
1.804,0.028,0.49,27.222,-475.037,7.019,11.146,-56.717,62.419,6.825,3.564
1.809,-0.028,-0.442,-39.917,316.101,-23.254,10.459,-54.536,62.847,6.825,3.564
2.539,-0.049,1.109,-176.27,357.849,-64.087,7.553,-47.834,63.089,6.825,3.564
2.01,-0.085,1.67,-54.077,-131.165,-18.494,6.509,-48.241,62.386,6.825,3.564
1.768,0.047,3.72,129.15,-971.802,11.108,11.426,-63.375,58.623,7.085,4.071
1.131,-0.53,1.213,-115.784,52.979,-6.409,12.052,-67.165,56.81,7.085,4.071
1.631,0.288,0.571,-42.908,128.723,-10.498,10.014,-64.83,57.794,6.488,4.724
1.167,-0.098,0.521,14.526,38.513,-11.353,9.827,-63.501,58.085,6.488,4.724
0.804,-0.134,0.435,15.869,9.766,-9.949,10.206,-63.062,58.079,6.488,4.724
0.42,-0.072,0.341,28.564,86.487,-8.728,10.371,-61.65,58.546,6.488,4.724
0.161,-0.068,0.214,24.048,148.071,-13.428,10.245,-58.964,59.348,5.048,4.995
-0.141,-0.049,0.15,27.283,142.334,-15.686,10.228,-56.074,60.068,5.048,4.995
-0.391,-0.076,0.181,54.688,88.989,-11.169,10.772,-54.003,60.639,5.83,4.013
-0.517,-0.135,0.278,104.736,-17.822,-3.296,12.404,-53.74,60.963,5.83,4.013
-0.545,-0.128,0.287,137.39,-45.471,-2.991,14.815,-54.316,61.293,5.83,4.013
-0.566,-0.104,0.324,191.223,-176.575,16.235,18.364,-57.112,61.809,5.735,4.178
-0.389,-0.075,0.024,184.265,-369.568,36.56,23.796,-63.622,60.573,5.494,5.029
-0.499,-0.224,-0.338,-69.458,-303.101,42.175,26.307,-70.208,58.332,5.494,5.029
-0.014,0.056,-0.506,-164.734,-123.169,18.616,23.417,-74.053,58.832,5.492,5.109
2.254,0.265,-1.876,-206.787,728.149,2.38,10.322,-64.869,68.708,4.9,5.248
2.429,0.945,4.243,111.816,367.371,32.043,7.899,-56.245,72.345,4.9,5.248
1.546,0.207,-0.27,244.324,-335.999,60.547,11.569,-59.562,73.026,4.359,5.375
1.492,0.424,-0.246,-219.299,299.011,-18.677,8.811,-56.909,73.861,4.819,5.545
2.419,0.355,1.796,-183.35,137.695,-44.189,5.565,-53.465,73.207,4.819,5.545
2.065,0.112,1.554,-18.555,-252.075,-7.629,5.361,-56.618,72.081,4.819,5.545
1.829,0.137,2.543,70.557,-752.93,26.367,8.69,-69.06,69.483,4.909,5.562
1.485,0.1,1.154,-25.085,27.283,13,9.278,-72.197,68.829,4.909,5.562
1.503,0.298,0.593,-13.123,113.464,16.541,7.322,-70.214,70.543,5.799,5.46
1.254,0.219,0.626,13,81.177,11.658,6.334,-68.318,71.724,5.799,5.46
0.945,0.143,0.506,34.058,38.086,12.024,6.191,-67.247,72.482,5.799,5.46
0.595,0.124,0.358,23.987,30.884,11.169,6.152,-66.511,73.076,5.813,4.666
0.3,0.181,0.183,29.297,48.279,13.733,6.053,-65.561,73.768,5.901,4.529
0.012,0.113,0.037,20.874,82.336,11.536,5.845,-64.034,74.476,5.901,4.529
-0.199,0.053,0.027,12.756,116.76,9.399,5.521,-61.831,75.135,6.059,4.627
-0.33,0.003,0.049,28.32,120.789,4.761,5.587,-59.387,75.58,6.167,5.004
-0.437,-0.031,0.095,50.842,68.176,1.404,6.345,-57.662,75.69,6.167,5.004
-0.479,0.005,0.154,32.104,-16.235,1.892,7.234,-57.354,75.366,6.51,4.2
-0.479,-0.004,0.191,-18.066,-76.721,9.094,7.625,-58.239,74.416,6.605,3.333
-0.412,0.002,0.171,-61.157,-129.15,20.142,7.69,-60.255,72.543,6.605,3.333
-0.39,0.069,0.149,-148.56,-191.345,36.011,6.515,-63.539,70.455,6.656,3.323
-0.165,0.089,-0.187,-239.746,-288.086,38.025,3.983,-68.571,68.077,6.788,2.997
2.397,0.144,-1.799,-148.621,367.737,7.812,1.143,-64.638,67.412,6.788,2.997
3.025,0.803,3.39,107.361,318.848,-18.25,2.516,-58.332,66.973,6.851,2.134
1.8,-0.24,0.022,584.106,-519.043,53.772,12.464,-64.589,66.253,6.92,2.163
1.798,-0.04,-0.317,358.154,247.681,15.381,18.699,-63.776,68.489,6.92,2.163
2.505,-0.771,1.646,-156.799,219.971,-64.392,16.908,-59.359,69.862,6.92,2.163
